Boston,F,29150.0
Boston,M,29150.0
England,F,36567.164179104475
Englnd,M,36567.164179104475
Hong Kong,F,5356.25
Hong Kong,M,5356.25
India,F,9454.545454545454
India,M,9454.545454545454
Singapore,F,28166.666666666664
Singapore,M,28166.666666666664
